----------- roles -------------------------------------
INSERT INTO roles (id, name, description, created, updated) VALUES ('11111169-6712-4666-8116-7c4eaf111111', 'role_name1', 'role_desc1', '2023-05-27 15:59:22.546', '2023-05-27 15:59:22.546');
INSERT INTO roles (id, name, description, created, updated) VALUES ('22222269-6712-4666-8116-7c4eaf222222', 'role_name2', 'role_desc2', '2023-05-27 15:59:22.546', '2023-05-27 15:59:22.546');
INSERT INTO roles (id, name, description, created, updated) VALUES ('33333369-6712-4666-8116-7c4eaf333333', 'role_name3', 'role_desc3', '2023-05-27 15:59:22.546', '2023-05-27 15:59:22.546');
INSERT INTO roles (id, name, description, created, updated) VALUES ('44444469-6712-4666-8116-7c4eaf444444', 'role_name4', 'role_desc4', '2023-05-27 15:59:22.546', '2023-05-27 15:59:22.546');
INSERT INTO roles (id, name, description, created, updated) VALUES ('55555569-6712-4666-8116-7c4eaf555555', 'role_name5', 'role_desc5', '2023-05-27 15:59:22.546', '2023-05-27 15:59:22.546');
----------- users ----------    password: test    -----
INSERT INTO users (id, email, password, is_active, is_superuser, created, updated) VALUES ('11111169-6712-4666-8116-7c4eaf111111', '111@email.com', 'pbkdf2:sha512:600000$xQVYrSdzOtUZMTuV$d7994c6d7eddf8c4125c66c79552cbeb053525c1f0a1ed8807fde75139295c29d7e5f64a86da372f3c45bdb73b4d2fd2f36ef72d5aa2f367ed700438ccc0f77f', 'True', 'False', '2023-05-27 15:59:22.546', '2023-05-27 15:59:22.546');
INSERT INTO users (id, email, password, is_active, is_superuser, created, updated) VALUES ('22222269-6712-4666-8116-7c4eaf222222', '222@email.com', 'pbkdf2:sha512:600000$xQVYrSdzOtUZMTuV$d7994c6d7eddf8c4125c66c79552cbeb053525c1f0a1ed8807fde75139295c29d7e5f64a86da372f3c45bdb73b4d2fd2f36ef72d5aa2f367ed700438ccc0f77f', 'True', 'False', '2023-05-27 15:59:22.546', '2023-05-27 15:59:22.546');
INSERT INTO users (id, email, password, is_active, is_superuser, created, updated) VALUES ('33333369-6712-4666-8116-7c4eaf333333', '333@email.com', 'pbkdf2:sha512:600000$xQVYrSdzOtUZMTuV$d7994c6d7eddf8c4125c66c79552cbeb053525c1f0a1ed8807fde75139295c29d7e5f64a86da372f3c45bdb73b4d2fd2f36ef72d5aa2f367ed700438ccc0f77f', 'True', 'False', '2023-05-27 15:59:22.546', '2023-05-27 15:59:22.546');
INSERT INTO users (id, email, password, is_active, is_superuser, created, updated) VALUES ('44444469-6712-4666-8116-7c4eaf444444', '444@email.com', 'pbkdf2:sha512:600000$xQVYrSdzOtUZMTuV$d7994c6d7eddf8c4125c66c79552cbeb053525c1f0a1ed8807fde75139295c29d7e5f64a86da372f3c45bdb73b4d2fd2f36ef72d5aa2f367ed700438ccc0f77f', 'True', 'False', '2023-05-27 15:59:22.546', '2023-05-27 15:59:22.546');
INSERT INTO users (id, email, password, is_active, is_superuser, created, updated) VALUES ('55555569-6712-4666-8116-7c4eaf555555', '555@email.com', 'pbkdf2:sha512:600000$xQVYrSdzOtUZMTuV$d7994c6d7eddf8c4125c66c79552cbeb053525c1f0a1ed8807fde75139295c29d7e5f64a86da372f3c45bdb73b4d2fd2f36ef72d5aa2f367ed700438ccc0f77f', 'True', 'False', '2023-05-27 15:59:22.546', '2023-05-27 15:59:22.546');
----------- allowed_devices ---------- ----------------
INSERT INTO allowed_devices (id, user_id, user_agent, created, updated) VALUES ('11111169-6712-4666-8116-7c4eaf111111', '11111169-6712-4666-8116-7c4eaf111111', 'Mozilla/5.0 (platform; rv:geckoversion) Gecko/geckotrail Firefox/firefoxversion', '2023-05-27 15:59:22.546', '2023-05-27 15:59:22.546');
INSERT INTO allowed_devices (id, user_id, user_agent, created, updated) VALUES ('22222269-6712-4666-8116-7c4eaf222222', '22222269-6712-4666-8116-7c4eaf222222', 'Chrome/5.0 (platform; rv:geckoversion) Gecko/geckotrail Firefox/firefoxversion', '2023-05-27 15:59:22.546', '2023-05-27 15:59:22.546');
INSERT INTO allowed_devices (id, user_id, user_agent, created, updated) VALUES ('33333369-6712-4666-8116-7c4eaf333333', '33333369-6712-4666-8116-7c4eaf333333', 'Explorer/5.0 (platform; rv:geckoversion) Gecko/geckotrail Firefox/firefoxversion', '2023-05-27 15:59:22.546', '2023-05-27 15:59:22.546');
INSERT INTO allowed_devices (id, user_id, user_agent, created, updated) VALUES ('44444469-6712-4666-8116-7c4eaf444444', '44444469-6712-4666-8116-7c4eaf444444', 'Safari/5.0 (platform; rv:geckoversion) Gecko/geckotrail Firefox/firefoxversion', '2023-05-27 15:59:22.546', '2023-05-27 15:59:22.546');
INSERT INTO allowed_devices (id, user_id, user_agent, created, updated) VALUES ('55555569-6712-4666-8116-7c4eaf555555', '55555569-6712-4666-8116-7c4eaf555555', 'Opera/5.0 (platform; rv:geckoversion) Gecko/geckotrail Firefox/firefoxversion', '2023-05-27 15:59:22.546', '2023-05-27 15:59:22.546');
----------- sign_in_entries ---------------------------
INSERT INTO sign_in_entries (id, user_id, user_agent, remote_addr, created, updated) VALUES ('11111169-6712-4666-8116-7c4eaf111111', '11111169-6712-4666-8116-7c4eaf111111', 'Mozilla/5.0 (platform; rv:geckoversion) Gecko/geckotrail Firefox/firefoxversion', '8.8.8.8', '2023-05-27 15:59:22.546', '2023-05-27 15:59:22.546');
INSERT INTO sign_in_entries (id, user_id, user_agent, remote_addr, created, updated) VALUES ('22222269-6712-4666-8116-7c4eaf222222', '22222269-6712-4666-8116-7c4eaf222222', 'Chrome/5.0 (platform; rv:geckoversion) Gecko/geckotrail Firefox/firefoxversion', '8.8.8.8', '2023-05-27 15:59:22.546', '2023-05-27 15:59:22.546');
INSERT INTO sign_in_entries (id, user_id, user_agent, remote_addr, created, updated) VALUES ('33333369-6712-4666-8116-7c4eaf333333', '33333369-6712-4666-8116-7c4eaf333333', 'Explorer/5.0 (platform; rv:geckoversion) Gecko/geckotrail Firefox/firefoxversion', '8.8.8.8', '2023-05-27 15:59:22.546', '2023-05-27 15:59:22.546');
INSERT INTO sign_in_entries (id, user_id, user_agent, remote_addr, created, updated) VALUES ('44444469-6712-4666-8116-7c4eaf444444', '44444469-6712-4666-8116-7c4eaf444444', 'Safari/5.0 (platform; rv:geckoversion) Gecko/geckotrail Firefox/firefoxversion', '8.8.8.8', '2023-05-27 15:59:22.546', '2023-05-27 15:59:22.546');
INSERT INTO sign_in_entries (id, user_id, user_agent, remote_addr, created, updated) VALUES ('55555569-6712-4666-8116-7c4eaf555555', '55555569-6712-4666-8116-7c4eaf555555', 'Opera/5.0 (platform; rv:geckoversion) Gecko/geckotrail Firefox/firefoxversion', '8.8.8.8', '2023-05-27 15:59:22.546', '2023-05-27 15:59:22.546');
----------- user_roles --------------------------------
INSERT INTO user_roles (left_id, right_id) VALUES ('11111169-6712-4666-8116-7c4eaf111111', '11111169-6712-4666-8116-7c4eaf111111');
INSERT INTO user_roles (left_id, right_id) VALUES ('22222269-6712-4666-8116-7c4eaf222222', '22222269-6712-4666-8116-7c4eaf222222');
INSERT INTO user_roles (left_id, right_id) VALUES ('33333369-6712-4666-8116-7c4eaf333333', '33333369-6712-4666-8116-7c4eaf333333');
INSERT INTO user_roles (left_id, right_id) VALUES ('44444469-6712-4666-8116-7c4eaf444444', '44444469-6712-4666-8116-7c4eaf444444');
INSERT INTO user_roles (left_id, right_id) VALUES ('55555569-6712-4666-8116-7c4eaf555555', '55555569-6712-4666-8116-7c4eaf555555');
